Country/Region,Province/State,01/22/20,01/23/20,01/24/20,01/25/20,01/26/20,01/27/20,01/28/20,01/29/20,01/30/20,01/31/20,02/01/20,02/02/20,02/03/20,02/04/20,02/05/20,02/06/20,02/07/20,02/08/20,02/09/20,02/10/20,02/11/20,02/12/20,02/13/20,02/14/20,02/15/20,02/16/20,02/17/20,02/18/20,02/19/20,02/20/20,02/21/20,02/22/20,02/23/20,02/24/20,02/25/20,02/26/20,02/27/20,02/28/20,02/29/20,03/01/20,03/02/20,03/03/20,03/04/20,03/05/20,03/06/20,03/07/20,03/08/20,03/09/20,03/10/20,03/11/20,03/12/20,03/13/20,03/14/20,03/15/20,03/16/20,03/17/20,03/18/20,03/19/20,03/20/20,03/21/20,03/22/20,03/23/20,03/24/20,03/25/20,03/26/20,03/27/20,03/28/20,03/29/20,03/30/20,03/31/20,04/01/20,04/02/20,04/03/20,04/04/20,04/05/20,04/06/20,04/07/20,04/08/20,04/09/20,04/10/20,04/11/20,04/12/20,04/13/20,04/14/20,04/15/20,04/16/20,04/17/20,04/18/20,04/19/20,04/20/20,04/21/20,04/22/20,04/23/20,04/24/20,04/25/20,04/26/20,04/27/20,04/28/20,04/29/20,04/30/20,05/01/20,05/02/20,05/03/20,05/04/20,05/05/20,05/06/20
Russia,Republic of Altay,0.0,0.0,0.0,0.0,-0.0,0.0,0.0,0.0,0.0,-0.0,-0.0,-0.0,-0.0,-0.0,-0.0,-0.0,0.0,-0.0,-0.0,-0.0,-0.0,-0.0,-0.0,-0.0,-0.0,-0.0,-0.0,-0.0,-0.0,-0.0,-0.0,-0.0,-0.0,-0.0,-0.0,-0.0,-0.0,-0.0,0.0,0.0,0.0,-0.0,-0.0,-0.0,-0.0,-0.0,0.0,0.0,0.0,0.0,0.0,-0.0,0.0,0.0,-0.0,0.0,0.0,0.0,0.0,0.0,0.0,0.0,0.0,0.0,0.0,0.0,0.0,0.0,0.0,0.0,0.0,0.0,0.0,0.0,0,0,0,0,0,0,0,0,0,0,0,0,1,2,2,4,8,8,9,9,14,15,27,27,32,32,33,35,36,36,37,38
Russia,Altayskiy kray,0.0,0.0,0.0,0.0,0.0,0.0,0.0,0.0,0.0,0.0,0.0,0.0,-0.0,-0.0,-0.0,-0.0,0.0,0.0,0.0,0.0,0.0,0.0,0.0,0.0,0.0,0.0,0.0,0.0,0.0,0.0,-0.0,-0.0,-0.0,-0.0,-0.0,-0.0,-0.0,-0.0,-0.0,-0.0,0.0,0.0,0.0,0.0,0.0,0.0,0.0,0.0,0.0,0.0,0.0,0.0,-0.0,-0.0,0.0,0.0,0.0,0.0,0.0,0.0,0.0,0.0,0.0,0.0,-0.0,0.0,0.0,0.0,1.0069453716278076,1.7307713031768799,2.907658815383911,3.9501190185546875,4.927421569824219,6.013645648956299,7,12,12,18,21,21,29,29,31,36,39,48,53,63,72,84,127,136,144,152,215,283,310,324,382,382,423,451,498,534,555,588
Russia,Amursk oblast,-0.0,0.0,-0.0,0.0,0.0,0.0,0.0,0.0,0.0,0.0,0.0,0.0,0.0,0.0,0.0,0.0,0.0,0.0,0.0,-0.0,-0.0,-0.0,-0.0,-0.0,-0.0,-0.0,-0.0,-0.0,-0.0,0.0,0.0,0.0,0.0,0.0,0.0,0.0,0.0,0.0,-0.0,-0.0,-0.0,-0.0,-0.0,0.0,0.0,0.0,0.0,0.0,0.0,0.0,0.0,0.0,0.0,0.0,-0.0,0.0,0.0,0.0,-0.0,-0.0,-0.0,-0.0,-0.0,0.0,0.0,0.0,0.0,0.49081629514694214,0.7720906734466553,1.0171290636062622,1.3825701475143433,1.724665880203247,1.9714680910110474,2.4094395637512207,4,4,4,4,4,4,6,17,6,6,6,9,11,14,16,20,20,23,25,28,33,36,40,41,56,56,67,72,79,84,98,106
Russia,Arkhangelsk oblast,-0.0,0.0,0.0,0.0,0.0,0.0,0.0,0.0,0.0,0.0,-0.0,-0.0,-0.0,-0.0,-0.0,-0.0,0.0,0.0,0.0,0.0,0.0,0.0,0.0,-0.0,-0.0,-0.0,-0.0,-0.0,0.0,-0.0,-0.0,-0.0,-0.0,-0.0,-0.0,-0.0,-0.0,-0.0,-0.0,-0.0,0.0,0.0,0.0,0.0,-0.0,-0.0,-0.0,-0.0,0.0,0.0,0.0,-0.0,-0.0,-0.0,-0.0,-0.0,0.0,0.0,0.0,0.0,0.0,0.0,0.0,2.4756240844726562,2.9717049598693848,3.2318520545959473,3.566295623779297,4.154728889465332,5.202524185180664,5.841544151306152,6.875856876373291,7.6644697189331055,8.587748527526855,9.476162910461426,8,14,14,14,24,24,24,24,31,32,32,33,34,39,107,114,118,120,123,137,147,167,175,181,198,198,213,238,260,299,305,329
Russia,Astrahan oblast,0.0,0.0,0.0,0.0,0.0,0.0,0.0,0.0,0.0,-0.0,-0.0,-0.0,-0.0,-0.0,-0.0,-0.0,0.0,0.0,0.0,-0.0,-0.0,-0.0,-0.0,-0.0,-0.0,-0.0,-0.0,-0.0,0.0,0.0,-0.0,-0.0,-0.0,-0.0,-0.0,-0.0,-0.0,-0.0,-0.0,-0.0,-0.0,-0.0,-0.0,-0.0,-0.0,0.0,-0.0,-0.0,-0.0,-0.0,0.0,-0.0,-0.0,-0.0,0.0,0.0,-0.0,-0.0,0.0,0.0,0.0,0.0,0.0,0.0,0.0,-0.0,0.0,0.0,0.0,1.259657859802246,2.1504034996032715,2.945605993270874,3.846102714538574,4.711906433105469,5,5,5,5,21,21,21,29,30,30,47,60,64,99,123,136,137,148,165,186,211,277,298,306,365,365,384,411,487,504,535,564
Russia,Belgorod oblast,-0.0,0.0,0.0,0.0,0.0,0.0,0.0,0.0,0.0,0.0,0.0,-0.0,-0.0,-0.0,-0.0,-0.0,-0.0,-0.0,-0.0,-0.0,-0.0,-0.0,-0.0,-0.0,-0.0,-0.0,-0.0,-0.0,-0.0,-0.0,-0.0,-0.0,-0.0,-0.0,-0.0,-0.0,-0.0,-0.0,-0.0,-0.0,0.0,-0.0,0.0,0.0,0.0,0.0,0.0,0.0,0.0,0.0,0.0,-0.0,-0.0,0.0,0.0,0.0,0.0,0.0,0.0,0.0,0.0,0.0,0.0,0.8977367877960205,1.0444843769073486,1.2760865688323975,1.7044570446014404,2.230672836303711,3.2444796562194824,4.058988094329834,5.324234962463379,6.286696434020996,7.104475975036621,8.130928039550781,7,11,14,18,18,26,26,31,31,41,45,58,70,81,90,112,122,144,176,202,221,242,269,299,355,355,383,419,454,485,524,540
Russia,Briansk oblast,-0.0,-0.0,-0.0,0.0,-0.0,-0.0,0.0,0.0,0.0,0.0,0.0,0.0,0.0,0.0,0.0,0.0,0.0,0.0,0.0,0.0,0.0,0.0,0.0,0.0,0.0,0.0,0.0,0.0,0.0,0.0,0.0,0.0,0.0,0.0,-0.0,0.0,0.0,0.0,-0.0,-0.0,-0.0,-0.0,-0.0,0.0,0.0,0.0,-0.0,0.0,0.0,0.0,0.0,0.0,0.0,0.0,-0.0,-0.0,-0.0,-0.0,-0.0,-0.0,-0.0,0.0,0.0,1.6855995655059814,2.115372896194458,2.282337188720703,2.4541168212890625,2.939392566680908,3.731229782104492,4.427488803863525,5.685253620147705,7.064619064331055,8.519579887390137,9.928581237792969,19,24,56,57,97,97,123,141,142,142,164,201,228,256,279,321,350,399,459,494,521,599,642,668,901,901,989,1062,1148,1250,1287,1367
Russia,Chechen republic,-0.0,0.0,-0.0,0.0,0.0,0.0,-0.0,-0.0,-0.0,0.0,0.0,0.0,0.0,-0.0,-0.0,-0.0,-0.0,-0.0,-0.0,-0.0,-0.0,-0.0,-0.0,-0.0,-0.0,-0.0,-0.0,-0.0,-0.0,-0.0,-0.0,0.0,0.0,0.0,0.0,0.0,0.0,0.0,-0.0,-0.0,-0.0,-0.0,-0.0,0.0,-0.0,0.0,0.0,0.0,0.0,0.0,0.0,0.0,0.0,0.0,0.0,-0.0,0.0,0.0,0.0,-0.0,0.0,0.0,0.0,1.1509965658187866,2.0720252990722656,3.116969585418701,5.0432610511779785,6.416888236999512,8.184117317199707,9.168684005737305,10.946074485778809,12.445170402526855,13.142732620239258,14.876077651977539,15,16,17,22,22,22,30,47,49,64,105,108,115,175,219,264,303,323,347,365,387,409,429,447,485,485,504,525,553,583,615,645
Russia,Cheliabinsk oblast,0.0,0.0,0.0,0.0,0.0,-0.0,-0.0,-0.0,-0.0,0.0,0.0,-0.0,-0.0,-0.0,-0.0,-0.0,-0.0,-0.0,-0.0,-0.0,-0.0,-0.0,-0.0,-0.0,-0.0,-0.0,-0.0,-0.0,-0.0,-0.0,0.0,0.0,0.0,0.0,-0.0,-0.0,-0.0,0.0,0.0,0.0,-0.0,0.0,-0.0,0.0,0.0,0.0,0.0,0.0,-0.0,-0.0,0.0,0.0,0.0,0.0,0.0,0.0,0.0,0.0,0.0,0.0,0.0,0.0,0.0,2.545414686203003,4.352946758270264,5.936193466186523,8.597111701965332,10.807534217834473,13.755931854248047,15.484992027282715,18.909767150878906,21.96731948852539,24.10403060913086,27.022748947143555,27,31,32,32,34,34,40,40,43,48,51,53,57,61,68,78,92,102,111,168,240,302,360,408,494,494,538,568,631,682,768,855
Russia,Chukotskiy autonomous oblast,0.0,0.0,0.0,0.0,-0.0,0.0,0.0,0.0,0.0,-0.0,-0.0,-0.0,-0.0,-0.0,-0.0,-0.0,0.0,-0.0,-0.0,-0.0,-0.0,-0.0,-0.0,-0.0,-0.0,-0.0,-0.0,-0.0,-0.0,-0.0,-0.0,-0.0,-0.0,-0.0,-0.0,-0.0,-0.0,-0.0,0.0,0.0,0.0,-0.0,-0.0,-0.0,-0.0,-0.0,0.0,0.0,0.0,0.0,0.0,-0.0,0.0,0.0,-0.0,0.0,0.0,0.0,0.0,0.0,0.0,0.0,0.0,0.0,0.0,0.0,0.0,0.0,0.0,0.0,0.0,0.0,0.0,0.0,0,0,0,0,0,0,0,0,0,0,1,1,2,2,2,2,2,6,6,11,12,15,17,17,18,18,20,23,24,24,25,26
Russia,Habarovskiy kray,0.0,0.0,0.0,0.0,0.0,0.0,0.0,0.0,0.0,-0.0,-0.0,-0.0,-0.0,-0.0,-0.0,-0.0,-0.0,-0.0,-0.0,-0.0,-0.0,-0.0,-0.0,-0.0,-0.0,-0.0,-0.0,-0.0,-0.0,-0.0,-0.0,-0.0,0.0,-0.0,-0.0,-0.0,-0.0,-0.0,-0.0,-0.0,-0.0,-0.0,-0.0,0.0,0.0,-0.0,-0.0,-0.0,0.0,0.0,0.0,-0.0,0.0,0.0,0.0,0.0,0.0,0.0,0.0,0.0,0.0,0.0,0.0,3.539205312728882,4.832330703735352,5.336106777191162,5.874101638793945,6.601978302001953,7.43427848815918,7.84012508392334,8.687631607055664,9.501501083374023,10.51552677154541,11.473127365112305,11,11,16,24,24,28,29,29,54,54,77,91,109,147,185,215,243,272,310,351,379,406,439,467,536,536,566,595,629,668,699,738
Russia,Hanty-Mansiyskiy AO,0.0,0.0,-0.0,-0.0,-0.0,-0.0,-0.0,-0.0,-0.0,-0.0,-0.0,-0.0,-0.0,-0.0,-0.0,-0.0,-0.0,-0.0,-0.0,-0.0,-0.0,-0.0,-0.0,-0.0,-0.0,-0.0,-0.0,-0.0,-0.0,-0.0,-0.0,-0.0,-0.0,-0.0,-0.0,-0.0,0.0,0.0,0.0,-0.0,-0.0,-0.0,-0.0,0.0,-0.0,-0.0,-0.0,-0.0,-0.0,0.0,0.0,0.0,-0.0,-0.0,0.0,0.0,0.0,0.0,0.0,0.0,0.0,0.0,0.0,2.6081409454345703,3.4557251930236816,3.797555446624756,4.114199638366699,4.874579906463623,5.9670000076293945,6.8559441566467285,8.594133377075195,10.453489303588867,12.507872581481934,14.307815551757812,19,19,38,41,41,41,41,41,41,56,71,110,128,161,175,188,197,203,215,217,233,274,297,338,387,387,405,414,449,467,508,537
Russia,Ingushetia republic,-0.0,0.0,-0.0,0.0,-0.0,0.0,0.0,0.0,0.0,0.0,0.0,0.0,0.0,0.0,0.0,0.0,0.0,0.0,0.0,0.0,0.0,0.0,0.0,0.0,0.0,0.0,0.0,0.0,0.0,0.0,-0.0,-0.0,-0.0,-0.0,-0.0,-0.0,0.0,-0.0,0.0,-0.0,-0.0,-0.0,-0.0,0.0,-0.0,-0.0,0.0,0.0,0.0,0.0,0.0,0.0,0.0,0.0,-0.0,0.0,0.0,0.0,-0.0,-0.0,-0.0,-0.0,-0.0,0.0,0.0,0.0,0.0,0.0,0.0,0.0,0.0,0.0,0.0,0.461824506521225,1,1,7,25,25,29,29,29,34,34,90,153,191,227,269,308,354,397,436,474,515,552,590,633,722,722,769,814,865,918,966,1018
Russia,Irkutsk oblast,-0.0,-0.0,-0.0,0.0,0.0,0.0,0.0,0.0,-0.0,0.0,0.0,-0.0,-0.0,-0.0,-0.0,-0.0,-0.0,-0.0,-0.0,-0.0,-0.0,-0.0,-0.0,-0.0,-0.0,-0.0,-0.0,-0.0,-0.0,-0.0,-0.0,0.0,0.0,0.0,-0.0,-0.0,-0.0,-0.0,-0.0,-0.0,-0.0,-0.0,-0.0,-0.0,0.0,0.0,0.0,0.0,0.0,0.0,0.0,0.0,-0.0,0.0,0.0,0.0,0.0,0.0,0.0,0.0,0.0,0.0,0.0,0.0,0.0,0.0,0.0,0.8424352407455444,1.7204946279525757,2.718259811401367,4.427126884460449,6.004724979400635,7.342840194702148,8.953620910644531,8,11,14,14,17,21,23,28,35,39,39,45,47,54,55,65,68,75,75,80,85,87,87,95,105,105,123,130,150,177,200,237
Russia,Ivanovo oblast,-0.0,0.0,-0.0,0.0,0.0,0.0,0.0,0.0,0.0,0.0,0.0,0.0,0.0,0.0,0.0,0.0,0.0,0.0,0.0,0.0,0.0,0.0,0.0,0.0,0.0,0.0,0.0,0.0,0.0,0.0,0.0,0.0,0.0,0.0,0.0,0.0,-0.0,-0.0,-0.0,-0.0,-0.0,-0.0,-0.0,0.0,-0.0,0.0,0.0,0.0,-0.0,0.0,0.0,0.0,0.0,0.0,-0.0,-0.0,-0.0,0.0,0.0,-0.0,0.0,0.0,0.0,0.9623976945877075,1.7858872413635254,2.7786829471588135,4.720510482788086,6.177460193634033,8.32421875,9.658622741699219,12.017641067504883,14.064414978027344,15.044717788696289,17.241634368896484,23,33,47,47,60,60,62,80,86,96,121,136,149,164,183,203,213,225,239,247,263,274,282,296,359,359,403,434,456,485,517,537
Russia,Jewish Autonomous oblast,-0.0,-0.0,-0.0,0.0,-0.0,0.0,0.0,0.0,0.0,0.0,0.0,0.0,0.0,0.0,0.0,0.0,0.0,0.0,0.0,0.0,0.0,0.0,0.0,0.0,0.0,0.0,0.0,0.0,0.0,0.0,0.0,-0.0,-0.0,-0.0,-0.0,0.0,0.0,0.0,-0.0,-0.0,-0.0,-0.0,-0.0,0.0,0.0,0.0,0.0,0.0,0.0,0.0,0.0,0.0,0.0,0.0,-0.0,-0.0,-0.0,-0.0,-0.0,-0.0,-0.0,-0.0,-0.0,0.0,0.0,0.0,-0.0,0.0,0.0,0.0,0.0,0.0,0.0,0.8381351232528687,3,3,3,6,6,8,8,8,9,9,9,10,16,19,20,22,43,52,66,80,86,86,101,113,124,124,131,134,143,145,148,153
Russia,Kaliningrad oblast,-0.0,-0.0,-0.0,0.0,0.0,0.0,0.0,0.0,0.0,0.0,0.0,0.0,0.0,-0.0,-0.0,-0.0,-0.0,-0.0,-0.0,-0.0,-0.0,-0.0,-0.0,-0.0,-0.0,-0.0,-0.0,-0.0,-0.0,-0.0,0.0,0.0,0.0,0.0,-0.0,-0.0,-0.0,-0.0,-0.0,-0.0,-0.0,-0.0,-0.0,0.0,0.0,-0.0,-0.0,-0.0,0.0,0.0,0.0,0.0,0.0,0.0,-0.0,0.0,0.0,0.0,0.0,0.0,0.0,0.0,0.0,5.458549976348877,8.055792808532715,9.127796173095703,10.178205490112305,11.49941635131836,12.840706825256348,13.247842788696289,14.6402006149292,16.250717163085938,18.163440704345703,19.756725311279297,19,19,48,49,52,62,65,70,74,79,84,92,104,115,126,138,144,163,171,189,210,236,264,303,358,358,395,438,479,524,566,583
Russia,Kaluga oblast,-0.0,-0.0,-0.0,0.0,0.0,0.0,0.0,0.0,0.0,0.0,0.0,0.0,-0.0,-0.0,-0.0,-0.0,-0.0,-0.0,-0.0,-0.0,-0.0,-0.0,-0.0,-0.0,-0.0,-0.0,-0.0,-0.0,-0.0,-0.0,-0.0,-0.0,-0.0,-0.0,-0.0,-0.0,-0.0,-0.0,0.0,-0.0,-0.0,-0.0,-0.0,0.0,-0.0,-0.0,-0.0,0.0,0.0,0.0,0.0,0.0,0.0,0.0,-0.0,0.0,0.0,0.0,0.0,0.0,0.0,0.0,0.0,1.6216404438018799,1.9545137882232666,2.0448098182678223,2.1543021202087402,2.4571685791015625,2.9454433917999268,3.2775967121124268,3.8870906829833984,4.507521152496338,5.144132137298584,5.843855857849121,6,7,11,11,11,18,24,24,34,49,74,102,122,151,188,228,258,330,383,444,513,583,639,706,885,885,1006,1065,1136,1217,1309,1407
Russia,Kamchatskiy kray,0.0,0.0,0.0,0.0,-0.0,0.0,0.0,0.0,0.0,-0.0,-0.0,-0.0,-0.0,-0.0,-0.0,-0.0,0.0,-0.0,-0.0,-0.0,-0.0,-0.0,-0.0,-0.0,-0.0,-0.0,-0.0,-0.0,-0.0,-0.0,-0.0,-0.0,-0.0,-0.0,-0.0,-0.0,-0.0,-0.0,0.0,0.0,0.0,-0.0,-0.0,-0.0,-0.0,-0.0,0.0,0.0,0.0,0.0,0.0,-0.0,0.0,0.0,-0.0,0.0,0.0,0.0,0.0,0.0,0.0,0.0,0.0,0.0,0.0,0.0,0.0,0.0,0.0,0.0,0.0,0.0,0.0,0.0,0,2,2,2,5,5,10,10,10,10,10,21,29,29,34,41,48,63,78,84,87,110,195,203,265,265,281,286,311,339,347,348
Russia,Kemerovo oblast,0.0,0.0,0.0,0.0,0.0,0.0,0.0,0.0,0.0,-0.0,-0.0,-0.0,-0.0,-0.0,-0.0,-0.0,0.0,-0.0,-0.0,-0.0,-0.0,-0.0,-0.0,-0.0,-0.0,-0.0,-0.0,-0.0,-0.0,-0.0,-0.0,-0.0,-0.0,-0.0,-0.0,-0.0,-0.0,-0.0,0.0,0.0,0.0,-0.0,-0.0,0.0,-0.0,-0.0,0.0,0.0,0.0,0.0,0.0,-0.0,0.0,0.0,-0.0,0.0,0.0,0.0,0.0,0.0,0.0,0.0,0.0,2.06095027923584,2.7924468517303467,2.945930242538452,3.0971927642822266,3.1905126571655273,3.1960833072662354,3.0458719730377197,3.01937198638916,3.113743543624878,3.257944345474243,3.5601720809936523,3,5,5,7,7,11,12,12,14,14,15,18,22,26,35,41,47,56,67,76,82,103,107,111,126,126,128,142,153,166,166,198
Russia,Kirov oblast,-0.0,0.0,0.0,0.0,0.0,0.0,0.0,0.0,0.0,0.0,0.0,-0.0,-0.0,-0.0,-0.0,-0.0,0.0,0.0,0.0,0.0,-0.0,-0.0,-0.0,-0.0,-0.0,-0.0,-0.0,-0.0,-0.0,-0.0,-0.0,-0.0,-0.0,-0.0,-0.0,-0.0,-0.0,-0.0,-0.0,-0.0,-0.0,-0.0,0.0,0.0,0.0,-0.0,-0.0,-0.0,0.0,0.0,0.0,-0.0,0.0,0.0,-0.0,-0.0,0.0,0.0,0.0,0.0,0.0,0.0,0.0,5.353287696838379,7.423079490661621,8.173333168029785,8.707115173339844,9.77470588684082,11.090963363647461,11.600072860717773,12.857807159423828,14.160592079162598,15.987768173217773,17.35790252685547,18,18,20,20,28,29,35,36,51,51,64,73,91,111,150,169,188,216,240,276,316,362,388,423,493,493,511,543,585,618,644,711
Russia,Komi republic,0.0,0.0,0.0,0.0,0.0,0.0,-0.0,-0.0,-0.0,-0.0,-0.0,-0.0,-0.0,-0.0,-0.0,-0.0,-0.0,-0.0,-0.0,-0.0,-0.0,-0.0,-0.0,-0.0,-0.0,-0.0,-0.0,-0.0,-0.0,-0.0,-0.0,-0.0,-0.0,0.0,-0.0,-0.0,-0.0,-0.0,0.0,0.0,0.0,0.0,0.0,0.0,0.0,0.0,-0.0,-0.0,0.0,0.0,0.0,0.0,-0.0,0.0,0.0,0.0,-0.0,0.0,0.0,0.0,0.0,0.0,0.0,2.418826103210449,2.8242204189300537,3.6852517127990723,5.231745719909668,8.028719902038574,14.723258018493652,22.357725143432617,37.30169677734375,50.397804260253906,64.19158935546875,75.12995147705078,59,90,101,119,150,208,208,208,208,305,402,441,455,474,481,491,507,527,542,553,561,578,590,597,621,621,649,656,676,682,698,726
Russia,Kostroma oblast,-0.0,0.0,0.0,0.0,0.0,0.0,0.0,0.0,0.0,0.0,0.0,0.0,0.0,0.0,0.0,0.0,0.0,0.0,0.0,0.0,0.0,0.0,0.0,0.0,0.0,0.0,0.0,0.0,0.0,0.0,0.0,0.0,0.0,0.0,-0.0,-0.0,-0.0,-0.0,-0.0,-0.0,-0.0,-0.0,-0.0,0.0,0.0,0.0,0.0,0.0,0.0,-0.0,0.0,0.0,0.0,0.0,-0.0,0.0,0.0,-0.0,-0.0,-0.0,-0.0,-0.0,-0.0,0.0,0.0,0.0,0.6368372440338135,0.9762552976608276,1.6020691394805908,2.2408981323242188,3.1339547634124756,3.8832781314849854,4.398233413696289,5.262801647186279,8,9,9,9,12,15,15,18,18,18,27,38,47,53,66,70,81,88,104,120,137,148,158,180,211,211,227,241,253,266,278,293
Russia,Krasnodarskiy kray,-0.0,0.0,-0.0,0.0,0.0,-0.0,-0.0,-0.0,-0.0,-0.0,-0.0,-0.0,-0.0,-0.0,-0.0,-0.0,-0.0,-0.0,-0.0,-0.0,-0.0,-0.0,-0.0,-0.0,-0.0,-0.0,-0.0,-0.0,-0.0,-0.0,0.0,0.0,0.0,0.0,0.0,-0.0,-0.0,-0.0,-0.0,-0.0,-0.0,-0.0,-0.0,0.0,0.0,-0.0,-0.0,-0.0,-0.0,0.0,0.0,-0.0,0.0,0.0,-0.0,-0.0,-0.0,0.0,0.0,0.0,0.0,0.0,0.0,6.60136604309082,9.860230445861816,11.583102226257324,13.48513412475586,15.975152015686035,18.9372615814209,20.503820419311523,23.984962463378906,27.549100875854492,31.86083221435547,34.98122787475586,39,50,61,85,105,125,138,169,210,215,239,260,290,335,383,417,461,481,539,623,707,780,837,888,1017,1017,1083,1162,1244,1340,1437,1534
Russia,Krasnoyarskiy kray,0.0,0.0,0.0,0.0,0.0,-0.0,-0.0,-0.0,-0.0,-0.0,0.0,-0.0,-0.0,-0.0,-0.0,-0.0,-0.0,-0.0,-0.0,-0.0,-0.0,-0.0,-0.0,-0.0,-0.0,-0.0,-0.0,-0.0,-0.0,-0.0,0.0,0.0,0.0,0.0,-0.0,-0.0,-0.0,-0.0,0.0,0.0,0.0,0.0,-0.0,0.0,-0.0,-0.0,-0.0,-0.0,-0.0,-0.0,0.0,0.0,0.0,0.0,0.0,0.0,0.0,0.0,0.0,0.0,0.0,0.0,0.0,4.527271270751953,7.143324375152588,8.721134185791016,10.771965026855469,12.803451538085938,15.248120307922363,16.443130493164062,19.211490631103516,21.917062759399414,24.51129150390625,26.98575210571289,29,32,32,39,39,39,60,85,110,131,142,202,231,276,300,306,370,392,427,449,467,508,527,574,666,666,714,764,781,823,868,910
Russia,Kurgan oblast,-0.0,0.0,0.0,0.0,0.0,0.0,0.0,0.0,0.0,0.0,0.0,0.0,-0.0,-0.0,-0.0,0.0,0.0,0.0,0.0,0.0,-0.0,-0.0,-0.0,-0.0,-0.0,-0.0,-0.0,-0.0,0.0,0.0,-0.0,-0.0,-0.0,-0.0,-0.0,-0.0,-0.0,-0.0,-0.0,-0.0,-0.0,-0.0,-0.0,0.0,-0.0,-0.0,0.0,0.0,0.0,0.0,0.0,0.0,0.0,0.0,-0.0,0.0,0.0,0.0,0.0,0.0,0.0,0.0,0.0,0.9135943055152893,1.0727263689041138,1.0432440042495728,1.0241326093673706,1.0557605028152466,1.106393575668335,1.1133137941360474,1.1722091436386108,1.2825292348861694,1.405094861984253,1.632962703704834,2,2,2,3,3,3,3,4,4,4,10,11,12,13,13,13,15,15,20,22,27,29,31,33,40,40,45,49,51,52,55,56
Russia,Kursk oblast,0.0,0.0,-0.0,-0.0,-0.0,-0.0,-0.0,-0.0,-0.0,-0.0,-0.0,-0.0,-0.0,-0.0,-0.0,-0.0,-0.0,-0.0,-0.0,-0.0,-0.0,-0.0,-0.0,-0.0,-0.0,-0.0,-0.0,-0.0,-0.0,-0.0,-0.0,-0.0,-0.0,-0.0,-0.0,0.0,0.0,0.0,0.0,0.0,0.0,0.0,0.0,-0.0,-0.0,-0.0,-0.0,-0.0,-0.0,-0.0,0.0,0.0,0.0,0.0,0.0,0.0,0.0,0.0,0.0,0.0,0.0,0.0,0.0,0.0,-0.0,-0.0,-0.0,0.0,0.0,0.0,1.7527683973312378,2.523094892501831,3.3052499294281006,4.0909833908081055,4,4,4,10,20,21,42,43,58,58,89,120,145,170,196,220,242,276,308,345,389,456,525,590,726,726,792,861,928,997,1062,1129
Russia,Leningradskaya oblast,-0.0,-0.0,-0.0,-0.0,0.0,-0.0,-0.0,-0.0,-0.0,0.0,0.0,-0.0,-0.0,-0.0,-0.0,-0.0,-0.0,-0.0,-0.0,-0.0,-0.0,-0.0,-0.0,-0.0,-0.0,-0.0,-0.0,-0.0,-0.0,-0.0,0.0,0.0,0.0,0.0,0.0,-0.0,-0.0,-0.0,-0.0,-0.0,-0.0,-0.0,-0.0,0.0,0.0,0.0,-0.0,-0.0,-0.0,-0.0,0.0,0.0,0.0,0.0,0.0,-0.0,-0.0,0.0,0.0,0.0,0.0,0.0,0.0,2.3246703147888184,3.287952423095703,4.310744285583496,6.06173849105835,8.333385467529297,12.35708236694336,16.1809024810791,23.14961051940918,29.821687698364258,36.041019439697266,41.9720458984375,57,62,62,94,112,129,134,139,155,190,298,330,354,388,417,454,496,537,576,615,658,700,743,781,885,885,929,975,1037,1096,1149,1200
Russia,Lipetsk oblast,-0.0,-0.0,-0.0,0.0,0.0,0.0,0.0,-0.0,-0.0,0.0,0.0,-0.0,-0.0,-0.0,-0.0,-0.0,-0.0,-0.0,-0.0,-0.0,-0.0,-0.0,-0.0,-0.0,-0.0,-0.0,-0.0,-0.0,-0.0,-0.0,0.0,0.0,0.0,0.0,0.0,-0.0,-0.0,-0.0,-0.0,-0.0,-0.0,-0.0,-0.0,0.0,-0.0,-0.0,-0.0,-0.0,-0.0,0.0,0.0,0.0,0.0,0.0,-0.0,-0.0,0.0,0.0,0.0,0.0,0.0,0.0,0.0,3.7135801315307617,5.313179016113281,6.211314678192139,7.37257194519043,8.662214279174805,10.273344039916992,11.14046573638916,12.947860717773438,14.726542472839355,16.555505752563477,18.304920196533203,18,26,26,44,48,55,58,63,69,74,85,96,108,129,149,169,189,213,238,263,284,306,330,356,415,415,446,481,520,563,610,656
Russia,Magadan oblast,0.0,0.0,0.0,0.0,0.0,0.0,0.0,0.0,0.0,0.0,-0.0,-0.0,-0.0,-0.0,-0.0,-0.0,0.0,0.0,0.0,-0.0,-0.0,-0.0,-0.0,-0.0,-0.0,-0.0,-0.0,-0.0,-0.0,-0.0,-0.0,-0.0,-0.0,-0.0,-0.0,-0.0,-0.0,-0.0,-0.0,-0.0,-0.0,-0.0,-0.0,-0.0,-0.0,-0.0,0.0,0.0,0.0,-0.0,0.0,-0.0,0.0,0.0,0.0,0.0,0.0,0.0,0.0,0.0,0.0,0.0,0.0,0.0,0.0,0.0,0.0,0.0,0.0,0.5644305944442749,0.8145239949226379,0.9932156801223755,1.1559393405914307,1.4165467023849487,1,1,1,1,1,1,1,1,2,3,3,18,18,62,63,63,65,67,76,78,87,88,91,92,101,101,110,114,116,116,131,136
Russia,Moscow,0.0,0.0,0.0,-0.0,0.0,0.0,0.0,0.0,-0.0,0.0,0.0,0.0,0.0,0.0,0.0,0.0,0.0,0.0,0.0,0.0,0.0,0.0,0.0,0.0,0.0,0.0,0.0,0.0,0.0,0.0,0.0,0.0,0.0,0.0,0.0,0.0,0.0,0.0,-0.0,-0.0,-0.0,0.0,0.0,0.0,2.2307791709899902,3.5543198585510254,6.2460479736328125,7.785061836242676,10.60412311553955,13.156527519226074,18.340200424194336,24.334430694580078,31.534955978393555,35.624847412109375,52.10010528564453,61.67512893676758,75.43721008300781,99.55711364746094,136.24160766601562,167.57180786132812,208.06259155273438,259.1453857421875,319.8656005859375,452.0711975097656,573.52099609375,700.233642578125,847.8780517578125,1067.999755859375,1296.77001953125,1636.225341796875,2029.22216796875,2495.66357421875,2947.75146484375,3327.205322265625,3893,4484,5181,5841,6698,7822,8852,10158,11513,13002,14776,16146,18105,20754,24324,26350,29433,31981,33940,36897,39509,42480,45351,48426,53739,53739,57300,62658,68606,74401,80115,85973
Russia,Moscow oblast,-0.0,-0.0,-0.0,-0.0,0.0,0.0,-0.0,-0.0,-0.0,0.0,0.0,0.0,0.0,0.0,0.0,0.0,-0.0,-0.0,-0.0,-0.0,-0.0,-0.0,-0.0,-0.0,-0.0,-0.0,-0.0,-0.0,-0.0,-0.0,0.0,0.0,0.0,0.0,0.0,-0.0,-0.0,-0.0,-0.0,-0.0,-0.0,-0.0,-0.0,0.0,0.0,0.0,-0.0,-0.0,0.0,0.0,0.0,0.0,0.0,0.0,0.0,-0.0,-0.0,0.0,0.0,0.0,0.0,0.0,0.0,23.1506290435791,45.32764434814453,60.557796478271484,77.98300170898438,98.45693969726562,120.79584503173828,129.32810974121094,153.41705322265625,178.6426239013672,211.0540313720703,226.96194458007812,305,387,454,549,748,930,1082,1360,1855,2315,2587,3054,3526,3954,4663,5241,5959,6590,7278,7889,8494,9070,9708,10231,11710,11710,12507,13314,14136,14939,15761,16590
Russia,Murmansk oblast,0.0,0.0,0.0,0.0,0.0,0.0,0.0,0.0,0.0,0.0,0.0,-0.0,-0.0,-0.0,-0.0,-0.0,-0.0,-0.0,-0.0,-0.0,-0.0,-0.0,-0.0,-0.0,-0.0,-0.0,-0.0,-0.0,-0.0,-0.0,-0.0,-0.0,-0.0,-0.0,-0.0,-0.0,-0.0,-0.0,-0.0,-0.0,-0.0,-0.0,-0.0,0.0,0.0,0.0,0.0,0.0,0.0,0.0,0.0,-0.0,-0.0,0.0,0.0,0.0,0.0,0.0,0.0,0.0,0.0,0.0,0.0,0.9263216257095337,1.0210928916931152,1.3394341468811035,1.9715155363082886,2.925954580307007,4.933195114135742,7.206532001495361,10.85002613067627,13.781072616577148,16.55683708190918,19.331390380859375,15,18,18,43,44,67,67,128,128,128,265,306,314,321,354,400,435,506,603,663,856,961,989,1056,1227,1227,1313,1456,1694,1974,2101,2237
Russia,Nenetskiy autonomous oblast,0.0,0.0,0.0,0.0,-0.0,0.0,0.0,0.0,0.0,-0.0,-0.0,-0.0,-0.0,-0.0,-0.0,-0.0,0.0,-0.0,-0.0,-0.0,-0.0,-0.0,-0.0,-0.0,-0.0,-0.0,-0.0,-0.0,-0.0,-0.0,-0.0,-0.0,-0.0,-0.0,-0.0,-0.0,-0.0,-0.0,0.0,0.0,0.0,-0.0,-0.0,-0.0,-0.0,-0.0,0.0,0.0,0.0,0.0,0.0,-0.0,0.0,0.0,-0.0,0.0,0.0,0.0,0.0,0.0,0.0,0.0,0.0,0.0,0.0,0.0,0.0,0.0,0.0,0.0,0.0,0.0,0.0,0.0,0,0,0,0,0,0,0,0,0,0,1,1,1,1,1,1,1,1,1,1,1,2,11,29,33,33,34,34,45,47,47,47
Russia,Nizhegorodskaya oblast,-0.0,-0.0,-0.0,-0.0,-0.0,-0.0,0.0,0.0,0.0,0.0,0.0,0.0,0.0,0.0,0.0,0.0,-0.0,-0.0,-0.0,-0.0,-0.0,-0.0,-0.0,-0.0,-0.0,-0.0,-0.0,-0.0,-0.0,-0.0,0.0,0.0,0.0,0.0,-0.0,-0.0,-0.0,-0.0,-0.0,-0.0,-0.0,-0.0,-0.0,0.0,0.0,0.0,-0.0,-0.0,0.0,0.0,0.0,0.0,0.0,0.0,-0.0,0.0,0.0,0.0,0.0,0.0,0.0,0.0,0.0,5.359944820404053,7.878878593444824,8.925104141235352,9.921642303466797,11.485296249389648,13.250274658203125,14.216914176940918,16.534866333007812,19.181171417236328,22.15365219116211,24.51803970336914,47,56,56,80,87,119,152,194,224,292,339,404,458,517,646,759,860,929,1002,1096,1214,1367,1574,1663,1944,1944,2123,2443,2695,2852,3026,3298
Russia,Novgorod oblast,-0.0,0.0,0.0,0.0,0.0,0.0,0.0,-0.0,-0.0,0.0,-0.0,-0.0,-0.0,-0.0,-0.0,-0.0,-0.0,-0.0,-0.0,-0.0,-0.0,-0.0,-0.0,-0.0,-0.0,-0.0,-0.0,-0.0,-0.0,-0.0,-0.0,0.0,0.0,0.0,0.0,-0.0,-0.0,-0.0,-0.0,-0.0,-0.0,-0.0,-0.0,0.0,-0.0,0.0,0.0,0.0,0.0,0.0,0.0,-0.0,0.0,0.0,0.0,0.0,0.0,0.0,0.0,0.0,0.0,0.0,0.0,0.9336154460906982,1.1859065294265747,1.3841650485992432,1.7598216533660889,2.060417652130127,2.4659838676452637,2.705009937286377,3.071807861328125,3.3442296981811523,3.5522398948669434,3.9889955520629883,3,5,5,5,12,18,18,18,26,26,26,53,74,80,98,108,114,140,157,171,186,211,244,254,279,279,297,322,348,372,399,417
Russia,Novosibirsk oblast,0.0,0.0,0.0,0.0,0.0,0.0,0.0,0.0,0.0,0.0,0.0,-0.0,-0.0,-0.0,-0.0,-0.0,-0.0,-0.0,-0.0,-0.0,-0.0,-0.0,-0.0,-0.0,-0.0,-0.0,-0.0,-0.0,-0.0,-0.0,0.0,0.0,0.0,0.0,-0.0,-0.0,-0.0,-0.0,-0.0,-0.0,-0.0,-0.0,-0.0,0.0,-0.0,-0.0,0.0,-0.0,0.0,0.0,0.0,-0.0,0.0,0.0,-0.0,0.0,0.0,0.0,0.0,0.0,0.0,0.0,0.0,3.4047601222991943,5.006284713745117,5.8516693115234375,6.971750736236572,7.838278770446777,8.720232009887695,8.890396118164062,9.528365135192871,10.148433685302734,10.803117752075195,11.677757263183594,11,11,11,13,18,21,28,28,36,36,53,64,76,86,108,132,135,151,168,209,247,305,347,407,471,471,526,569,620,681,746,809
Russia,Omsk oblast,0.0,0.0,-0.0,-0.0,-0.0,-0.0,-0.0,-0.0,-0.0,-0.0,-0.0,-0.0,-0.0,-0.0,-0.0,-0.0,-0.0,-0.0,-0.0,-0.0,-0.0,-0.0,-0.0,-0.0,-0.0,-0.0,-0.0,-0.0,-0.0,-0.0,0.0,0.0,0.0,0.0,0.0,0.0,0.0,0.0,0.0,0.0,-0.0,-0.0,-0.0,0.0,0.0,0.0,0.0,0.0,-0.0,-0.0,0.0,0.0,0.0,0.0,0.0,0.0,0.0,0.0,0.0,0.0,0.0,0.0,0.0,0.0,0.0,0.0,0.0,1.355981707572937,2.552608013153076,3.9089903831481934,6.313680648803711,8.416532516479492,10.06621265411377,12.13718318939209,10,10,14,15,15,17,17,19,20,20,22,23,26,31,33,36,41,45,53,54,58,62,71,82,97,97,107,116,127,161,191,197
Russia,Orel oblast,-0.0,0.0,-0.0,0.0,0.0,0.0,0.0,0.0,0.0,0.0,0.0,0.0,0.0,0.0,0.0,0.0,0.0,0.0,0.0,0.0,0.0,0.0,0.0,0.0,0.0,0.0,0.0,0.0,0.0,0.0,-0.0,-0.0,-0.0,-0.0,-0.0,-0.0,-0.0,-0.0,-0.0,-0.0,-0.0,-0.0,-0.0,0.0,0.0,-0.0,0.0,0.0,0.0,0.0,0.0,0.0,0.0,0.0,-0.0,0.0,0.0,0.0,-0.0,-0.0,-0.0,0.0,0.0,1.7999420166015625,2.469242572784424,2.6846885681152344,2.882513999938965,3.0746521949768066,3.2544469833374023,3.258598804473877,3.430826187133789,3.7273683547973633,4.039409637451172,4.516223907470703,6,7,12,12,17,24,29,29,34,41,41,73,85,119,132,175,198,238,249,296,321,363,407,460,525,525,562,594,662,681,756,813
Russia,Orenburg oblast,-0.0,-0.0,-0.0,0.0,0.0,0.0,0.0,0.0,0.0,0.0,0.0,0.0,-0.0,-0.0,-0.0,-0.0,-0.0,-0.0,-0.0,-0.0,-0.0,-0.0,-0.0,-0.0,-0.0,-0.0,-0.0,-0.0,-0.0,-0.0,0.0,0.0,0.0,0.0,-0.0,-0.0,-0.0,-0.0,-0.0,-0.0,-0.0,-0.0,-0.0,0.0,-0.0,-0.0,-0.0,-0.0,0.0,0.0,0.0,0.0,0.0,0.0,-0.0,0.0,0.0,0.0,0.0,0.0,0.0,0.0,0.0,2.934813976287842,4.118136405944824,4.710026264190674,5.469321250915527,6.297348976135254,7.313249111175537,7.819090366363525,8.949227333068848,10.12915325164795,11.274650573730469,12.51289176940918,12,14,14,22,22,25,25,25,45,53,54,82,120,140,184,184,226,254,277,305,361,377,391,456,520,520,569,591,619,700,728,767
Russia,Pensa oblast,0.0,0.0,0.0,0.0,0.0,0.0,-0.0,-0.0,-0.0,-0.0,-0.0,-0.0,-0.0,-0.0,-0.0,-0.0,-0.0,-0.0,-0.0,-0.0,-0.0,-0.0,-0.0,-0.0,-0.0,-0.0,-0.0,-0.0,-0.0,-0.0,-0.0,0.0,0.0,0.0,-0.0,-0.0,-0.0,-0.0,-0.0,-0.0,-0.0,-0.0,-0.0,0.0,0.0,0.0,-0.0,-0.0,-0.0,0.0,0.0,0.0,0.0,0.0,0.0,0.0,0.0,0.0,0.0,0.0,0.0,0.0,0.0,1.9005874395370483,2.2084779739379883,2.678190231323242,3.480623245239258,4.89254903793335,7.597583293914795,10.639965057373047,15.750986099243164,20.251171112060547,25.140338897705078,29.278627395629883,27,32,51,52,52,67,67,67,84,84,100,107,119,140,140,165,180,196,211,232,255,261,283,322,404,404,448,481,512,539,569,601
Russia,Perm oblast,0.0,0.0,-0.0,0.0,0.0,-0.0,0.0,0.0,0.0,0.0,0.0,0.0,-0.0,-0.0,-0.0,-0.0,-0.0,-0.0,-0.0,-0.0,-0.0,-0.0,-0.0,-0.0,-0.0,-0.0,-0.0,-0.0,-0.0,-0.0,-0.0,-0.0,-0.0,-0.0,-0.0,-0.0,-0.0,-0.0,0.0,0.0,0.0,0.0,-0.0,0.0,-0.0,-0.0,-0.0,-0.0,0.0,0.0,0.0,0.0,0.0,0.0,-0.0,0.0,0.0,0.0,0.0,0.0,0.0,0.0,0.0,5.043935298919678,8.090913772583008,9.503140449523926,10.912776947021484,12.365546226501465,13.765190124511719,14.111913681030273,15.691584587097168,17.67820167541504,19.75594711303711,21.690441131591797,21,21,32,32,41,45,45,60,60,87,114,132,144,170,198,215,237,266,287,318,373,434,454,471,500,500,524,556,595,630,648,673
Russia,Primorskiy kray,0.0,0.0,0.0,0.0,0.0,0.0,0.0,0.0,0.0,-0.0,-0.0,-0.0,-0.0,-0.0,-0.0,-0.0,-0.0,-0.0,-0.0,-0.0,-0.0,-0.0,-0.0,-0.0,-0.0,-0.0,-0.0,-0.0,-0.0,-0.0,-0.0,-0.0,-0.0,-0.0,-0.0,-0.0,-0.0,-0.0,-0.0,-0.0,-0.0,-0.0,-0.0,0.0,-0.0,-0.0,-0.0,-0.0,-0.0,0.0,0.0,-0.0,0.0,0.0,0.0,0.0,0.0,0.0,0.0,0.0,0.0,0.0,0.0,1.84344482421875,2.0019278526306152,2.0096659660339355,2.030123472213745,2.406735897064209,3.065153121948242,3.723818778991699,4.674858093261719,5.50615930557251,6.521926403045654,7.402177810668945,7,7,8,15,20,20,23,24,28,32,36,40,49,67,80,97,104,166,185,220,254,278,302,347,403,403,430,455,494,547,635,684
Russia,Pskov oblast,0.0,0.0,0.0,0.0,0.0,0.0,0.0,0.0,0.0,0.0,0.0,-0.0,-0.0,-0.0,-0.0,-0.0,0.0,0.0,0.0,0.0,-0.0,-0.0,-0.0,-0.0,-0.0,-0.0,-0.0,-0.0,-0.0,-0.0,-0.0,-0.0,-0.0,-0.0,-0.0,-0.0,-0.0,-0.0,-0.0,0.0,0.0,0.0,0.0,0.0,-0.0,-0.0,-0.0,-0.0,0.0,0.0,0.0,-0.0,-0.0,0.0,-0.0,0.0,0.0,0.0,0.0,0.0,0.0,0.0,0.0,3.7649126052856445,5.335055351257324,5.958270072937012,6.590624809265137,7.247988700866699,8.000944137573242,8.108429908752441,8.639423370361328,9.192242622375488,9.913700103759766,10.69563102722168,9,10,14,14,16,16,16,16,21,21,27,32,37,42,44,52,58,62,66,81,93,110,124,128,149,149,153,177,195,196,214,226
Russia,Republic of Adygeia,-0.0,0.0,0.0,0.0,0.0,0.0,0.0,0.0,0.0,0.0,0.0,0.0,0.0,-0.0,-0.0,-0.0,0.0,0.0,0.0,0.0,0.0,0.0,0.0,0.0,0.0,0.0,0.0,0.0,0.0,0.0,0.0,0.0,0.0,0.0,-0.0,-0.0,-0.0,-0.0,-0.0,-0.0,-0.0,-0.0,-0.0,-0.0,-0.0,0.0,0.0,0.0,0.0,0.0,0.0,-0.0,-0.0,-0.0,-0.0,-0.0,-0.0,0.0,0.0,0.0,0.0,0.0,0.0,0.0,0.0,0.0,0.8904209136962891,1.3760325908660889,2.3667192459106445,3.184164524078369,4.467057704925537,5.4277753829956055,5.930764198303223,6.986141681671143,7,13,13,13,13,20,20,20,20,27,27,43,79,84,91,100,108,113,114,117,119,134,142,150,163,163,165,168,178,185,190,202
Russia,Republic of Bashkortostan,0.0,0.0,0.0,0.0,0.0,0.0,0.0,0.0,0.0,0.0,-0.0,-0.0,-0.0,-0.0,-0.0,-0.0,-0.0,-0.0,-0.0,-0.0,-0.0,-0.0,-0.0,-0.0,-0.0,-0.0,-0.0,-0.0,-0.0,-0.0,-0.0,-0.0,-0.0,-0.0,-0.0,-0.0,-0.0,-0.0,-0.0,-0.0,-0.0,-0.0,-0.0,0.0,0.0,0.0,-0.0,-0.0,0.0,0.0,0.0,-0.0,0.0,0.0,0.0,0.0,0.0,0.0,0.0,0.0,0.0,0.0,0.0,3.1262426376342773,3.95477294921875,4.226678848266602,4.510444164276123,5.184450626373291,6.124873161315918,6.832484245300293,7.993899822235107,9.044727325439453,10.31956672668457,11.411579132080078,10,10,12,16,22,40,65,84,107,129,149,191,213,252,252,297,371,396,422,455,490,527,570,631,766,766,843,935,1022,1102,1136,1160
Russia,Republic of Buriatia,-0.0,0.0,0.0,0.0,0.0,0.0,-0.0,-0.0,-0.0,0.0,0.0,0.0,0.0,0.0,0.0,-0.0,0.0,0.0,0.0,0.0,0.0,0.0,0.0,0.0,0.0,0.0,0.0,0.0,0.0,-0.0,-0.0,0.0,0.0,0.0,0.0,0.0,-0.0,-0.0,-0.0,-0.0,-0.0,-0.0,-0.0,-0.0,-0.0,0.0,0.0,0.0,-0.0,-0.0,-0.0,0.0,-0.0,0.0,0.0,-0.0,-0.0,0.0,0.0,0.0,0.0,0.0,0.0,0.0,0.0,2.057284355163574,5.083746910095215,7.80947208404541,12.774065017700195,16.94864845275879,24.202014923095703,29.97524070739746,31.817066192626953,37.48573303222656,35,43,43,50,54,60,61,73,77,86,92,100,103,112,115,115,125,153,163,167,180,186,209,227,271,271,297,325,355,373,407,499
Russia,Republic of Chuvashia,0.0,0.0,0.0,0.0,0.0,0.0,0.0,0.0,0.0,-0.0,-0.0,-0.0,-0.0,-0.0,-0.0,-0.0,0.0,-0.0,-0.0,-0.0,-0.0,-0.0,-0.0,-0.0,-0.0,-0.0,-0.0,-0.0,-0.0,-0.0,-0.0,-0.0,-0.0,-0.0,-0.0,-0.0,-0.0,-0.0,0.0,-0.0,0.0,-0.0,-0.0,0.0,-0.0,-0.0,0.0,0.0,0.0,0.0,0.0,-0.0,0.0,0.0,-0.0,0.0,0.0,0.0,0.0,0.0,0.0,0.0,0.0,0.937711238861084,1.0883628129959106,1.0590457916259766,1.0595569610595703,1.0707789659500122,1.0800268650054932,1.0426645278930664,1.0387846231460571,1.077488899230957,1.134462594985962,1.3027737140655518,1,3,6,15,17,32,39,50,65,65,78,125,137,164,193,225,235,262,305,348,383,421,463,502,586,586,627,676,731,795,844,892
Russia,Republic of Crimea,-0.0,0.0,-0.0,0.0,0.0,-0.0,-0.0,-0.0,-0.0,-0.0,0.0,-0.0,-0.0,0.0,0.0,0.0,0.0,0.0,0.0,0.0,0.0,0.0,0.0,0.0,-0.0,-0.0,-0.0,-0.0,-0.0,-0.0,-0.0,-0.0,-0.0,-0.0,0.0,0.0,0.0,0.0,0.0,-0.0,-0.0,-0.0,-0.0,0.0,-0.0,-0.0,-0.0,-0.0,0.0,0.0,0.0,0.0,0.0,0.0,-0.0,-0.0,0.0,0.0,-0.0,-0.0,0.0,0.0,0.0,6.181132793426514,11.181564331054688,14.287850379943848,17.74070930480957,19.356868743896484,19.55950927734375,17.864904403686523,17.39769172668457,17.80706787109375,18.31908416748047,19.39887237548828,20,21,22,23,26,29,29,31,32,32,34,37,40,43,45,45,46,46,51,53,57,67,69,70,89,89,92,100,104,105,111,160
Russia,Republic of Dagestan,-0.0,0.0,0.0,0.0,0.0,0.0,0.0,0.0,0.0,0.0,0.0,0.0,0.0,-0.0,-0.0,-0.0,0.0,0.0,0.0,0.0,0.0,0.0,0.0,0.0,0.0,0.0,0.0,0.0,0.0,-0.0,-0.0,-0.0,-0.0,-0.0,-0.0,-0.0,-0.0,-0.0,-0.0,-0.0,-0.0,-0.0,-0.0,-0.0,-0.0,0.0,0.0,0.0,0.0,-0.0,0.0,0.0,-0.0,-0.0,0.0,0.0,0.0,0.0,0.0,0.0,0.0,0.0,0.0,0.0,0.0,0.561647891998291,1.2088308334350586,2.2111051082611084,4.730040550231934,8.06719970703125,14.245482444763184,19.904823303222656,24.999935150146484,30.568706512451172,25,30,43,44,57,58,84,84,84,100,105,154,213,257,292,331,371,417,454,567,724,827,994,1147,1389,1389,1553,1662,1798,1958,2086,2267
Russia,Republic of Hakassia,0.0,0.0,0.0,0.0,0.0,0.0,0.0,0.0,0.0,-0.0,-0.0,-0.0,-0.0,-0.0,-0.0,-0.0,0.0,0.0,0.0,-0.0,-0.0,-0.0,-0.0,-0.0,-0.0,-0.0,-0.0,-0.0,-0.0,-0.0,-0.0,-0.0,-0.0,-0.0,-0.0,-0.0,-0.0,-0.0,0.0,0.0,0.0,0.0,0.0,0.0,-0.0,-0.0,0.0,0.0,0.0,0.0,0.0,-0.0,-0.0,0.0,-0.0,0.0,0.0,0.0,0.0,0.0,0.0,0.0,0.0,1.2906453609466553,1.7400715351104736,1.9338096380233765,2.2186741828918457,2.4220714569091797,2.6868228912353516,2.7495710849761963,2.944866418838501,3.1496236324310303,3.322944164276123,3.7030112743377686,3,5,5,6,6,9,12,12,12,20,26,27,38,46,68,76,84,87,99,102,151,176,184,206,232,232,257,266,272,302,318,340
Russia,Republic of Kabardino-Balkaria,-0.0,0.0,0.0,0.0,0.0,0.0,0.0,0.0,0.0,-0.0,-0.0,-0.0,-0.0,-0.0,-0.0,-0.0,-0.0,-0.0,-0.0,-0.0,-0.0,-0.0,-0.0,-0.0,-0.0,-0.0,-0.0,-0.0,-0.0,-0.0,-0.0,-0.0,-0.0,-0.0,-0.0,-0.0,-0.0,-0.0,-0.0,0.0,0.0,0.0,0.0,0.0,-0.0,-0.0,-0.0,-0.0,0.0,0.0,0.0,-0.0,0.0,0.0,0.0,0.0,0.0,0.0,0.0,0.0,0.0,0.0,0.0,3.1469268798828125,3.9189586639404297,4.144990921020508,4.358838081359863,4.905666351318359,5.73138427734375,6.184830665588379,7.026144504547119,7.738998889923096,8.655086517333984,9.46601676940918,8,8,13,23,23,27,30,35,50,50,50,69,92,114,136,152,170,193,218,243,272,300,329,367,456,456,499,544,634,739,820,925
Russia,Republic of Kalmykia,-0.0,0.0,0.0,0.0,0.0,0.0,0.0,0.0,0.0,-0.0,-0.0,-0.0,-0.0,-0.0,-0.0,-0.0,0.0,0.0,0.0,0.0,-0.0,-0.0,-0.0,-0.0,-0.0,-0.0,0.0,0.0,0.0,0.0,-0.0,-0.0,-0.0,-0.0,-0.0,-0.0,-0.0,-0.0,-0.0,-0.0,-0.0,-0.0,-0.0,0.0,-0.0,-0.0,-0.0,-0.0,-0.0,0.0,0.0,-0.0,-0.0,-0.0,-0.0,-0.0,-0.0,0.0,0.0,0.0,-0.0,0.0,0.0,0.0,0.0,0.0,0.0,0.0,0.8986531496047974,1.5887656211853027,2.7126569747924805,3.756880044937134,4.900407791137695,6.0164794921875,7,7,11,15,23,23,32,32,32,32,35,36,53,67,74,77,77,88,94,104,122,146,158,167,192,192,231,254,283,321,322,351
Russia,Republic of Karachaevo-Cherkessia,0.0,0.0,0.0,0.0,-0.0,0.0,0.0,0.0,0.0,-0.0,-0.0,-0.0,-0.0,-0.0,-0.0,-0.0,0.0,-0.0,-0.0,-0.0,-0.0,-0.0,-0.0,-0.0,-0.0,-0.0,-0.0,-0.0,-0.0,-0.0,-0.0,-0.0,-0.0,-0.0,-0.0,-0.0,-0.0,-0.0,0.0,0.0,0.0,-0.0,-0.0,-0.0,-0.0,-0.0,0.0,0.0,0.0,0.0,0.0,-0.0,0.0,0.0,-0.0,0.0,0.0,0.0,0.0,0.0,0.0,0.0,0.0,0.0,0.0,0.0,0.0,0.0,0.0,0.0,0.0,0.0,0.0,0.0,0,0,3,5,6,9,9,11,13,16,23,30,49,50,67,87,106,145,169,194,240,282,301,314,352,352,398,412,430,441,453,457
Russia,Republic of Karelia,0.0,0.0,0.0,0.0,-0.0,0.0,0.0,0.0,0.0,-0.0,-0.0,-0.0,-0.0,-0.0,-0.0,-0.0,0.0,-0.0,-0.0,-0.0,-0.0,-0.0,-0.0,-0.0,-0.0,-0.0,-0.0,-0.0,-0.0,-0.0,-0.0,-0.0,-0.0,-0.0,-0.0,-0.0,-0.0,-0.0,0.0,0.0,0.0,-0.0,-0.0,-0.0,-0.0,-0.0,0.0,0.0,0.0,0.0,0.0,-0.0,0.0,0.0,-0.0,0.0,0.0,0.0,0.0,0.0,0.0,0.0,0.0,0.0,0.0,0.0,0.0,0.0,0.0,0.0,0.0,0.0,0.0,0.0,0,2,2,2,2,2,2,2,3,3,7,8,9,15,19,27,30,30,35,37,42,44,56,62,66,66,74,81,85,89,91,103
Russia,Republic of Mariy El,-0.0,-0.0,0.0,0.0,0.0,0.0,0.0,0.0,0.0,0.0,0.0,-0.0,-0.0,-0.0,-0.0,-0.0,-0.0,0.0,-0.0,-0.0,-0.0,-0.0,-0.0,-0.0,-0.0,-0.0,-0.0,-0.0,0.0,-0.0,-0.0,-0.0,-0.0,-0.0,-0.0,-0.0,-0.0,-0.0,0.0,0.0,0.0,0.0,0.0,-0.0,-0.0,-0.0,0.0,0.0,0.0,0.0,0.0,-0.0,-0.0,-0.0,-0.0,0.0,0.0,0.0,0.0,0.0,0.0,0.0,0.0,0.0,-0.0,0.0,0.0,0.0,1.069367527961731,1.6480469703674316,2.5879366397857666,3.3669073581695557,3.992389678955078,4.813118934631348,4,13,13,40,41,63,63,70,80,91,118,147,179,219,262,291,311,333,348,377,407,431,462,500,566,566,597,628,668,717,750,783
Russia,Republic of Mordovia,-0.0,0.0,-0.0,0.0,-0.0,-0.0,-0.0,-0.0,-0.0,-0.0,0.0,-0.0,-0.0,-0.0,-0.0,-0.0,0.0,0.0,0.0,0.0,0.0,0.0,0.0,0.0,0.0,-0.0,-0.0,-0.0,-0.0,-0.0,-0.0,-0.0,-0.0,-0.0,0.0,0.0,0.0,0.0,0.0,-0.0,-0.0,-0.0,-0.0,0.0,-0.0,-0.0,0.0,0.0,0.0,0.0,0.0,0.0,0.0,0.0,0.0,0.0,0.0,0.0,0.0,-0.0,0.0,0.0,0.0,0.0,0.0,1.1789084672927856,2.0025391578674316,2.494755744934082,3.0991287231445312,3.412660837173462,3.9925122261047363,4.502760887145996,4.6425275802612305,5.3600873947143555,5,6,6,13,17,19,19,42,58,71,71,71,136,198,258,293,327,357,385,424,469,518,560,592,698,698,728,765,808,867,923,977
Russia,Republic of North Osetia - Alania,0.0,0.0,-0.0,-0.0,-0.0,-0.0,-0.0,-0.0,-0.0,-0.0,-0.0,-0.0,-0.0,-0.0,-0.0,-0.0,-0.0,-0.0,-0.0,-0.0,-0.0,-0.0,-0.0,-0.0,-0.0,-0.0,-0.0,-0.0,-0.0,-0.0,-0.0,-0.0,-0.0,-0.0,-0.0,0.0,0.0,0.0,0.0,0.0,0.0,0.0,-0.0,-0.0,-0.0,0.0,-0.0,-0.0,-0.0,-0.0,0.0,0.0,0.0,0.0,0.0,0.0,0.0,0.0,0.0,0.0,0.0,0.0,0.0,0.0,-0.0,-0.0,-0.0,0.0,0.0,0.0,1.7728118896484375,2.635313034057617,3.4713759422302246,4.360179901123047,5,8,9,15,22,27,27,34,34,52,52,52,65,94,120,145,177,211,242,275,305,348,401,549,763,763,836,921,990,1069,1160,1253
Russia,Republic of Tatarstan,0.0,0.0,0.0,0.0,0.0,0.0,0.0,0.0,0.0,-0.0,-0.0,-0.0,-0.0,-0.0,-0.0,-0.0,0.0,0.0,0.0,-0.0,-0.0,-0.0,-0.0,-0.0,-0.0,-0.0,-0.0,-0.0,-0.0,-0.0,-0.0,-0.0,-0.0,-0.0,-0.0,-0.0,-0.0,-0.0,-0.0,-0.0,-0.0,-0.0,-0.0,0.0,0.0,-0.0,-0.0,-0.0,-0.0,0.0,0.0,-0.0,0.0,0.0,-0.0,0.0,0.0,0.0,0.0,0.0,0.0,0.0,0.0,6.283067226409912,9.694945335388184,11.323526382446289,12.959157943725586,14.816267967224121,16.714641571044922,17.478296279907227,19.337305068969727,21.310670852661133,23.857994079589844,25.83685302734375,25,41,41,41,50,50,73,73,84,107,107,128,144,160,191,230,280,355,412,426,491,562,632,697,823,823,894,960,1031,1117,1208,1310
Russia,Republic of Tyva,0.0,0.0,0.0,0.0,-0.0,0.0,0.0,0.0,0.0,-0.0,-0.0,-0.0,-0.0,-0.0,-0.0,-0.0,0.0,-0.0,-0.0,-0.0,-0.0,-0.0,-0.0,-0.0,-0.0,-0.0,-0.0,-0.0,-0.0,-0.0,-0.0,-0.0,-0.0,-0.0,-0.0,-0.0,-0.0,-0.0,0.0,0.0,0.0,-0.0,-0.0,-0.0,-0.0,-0.0,0.0,0.0,0.0,0.0,0.0,-0.0,0.0,0.0,-0.0,0.0,0.0,0.0,0.0,0.0,0.0,0.0,0.0,0.0,0.0,0.0,0.0,0.0,0.0,0.0,0.0,0.0,0.0,0.0,0,0,0,0,0,0,6,6,6,6,6,8,9,9,13,13,13,13,14,15,24,27,30,31,33,33,39,40,43,47,51,51
Russia,Republic of Udmurtia,-0.0,0.0,0.0,0.0,0.0,0.0,0.0,0.0,0.0,0.0,0.0,0.0,-0.0,-0.0,-0.0,0.0,0.0,0.0,0.0,0.0,0.0,0.0,0.0,0.0,-0.0,-0.0,-0.0,-0.0,-0.0,-0.0,-0.0,-0.0,-0.0,-0.0,-0.0,-0.0,-0.0,-0.0,-0.0,-0.0,-0.0,-0.0,-0.0,0.0,-0.0,-0.0,0.0,0.0,0.0,0.0,0.0,0.0,0.0,0.0,-0.0,0.0,0.0,0.0,0.0,-0.0,0.0,0.0,0.0,1.9409056901931763,2.846421241760254,3.2862040996551514,3.8022384643554688,4.0809149742126465,4.262002944946289,4.155308723449707,4.236595153808594,4.444438457489014,4.6339640617370605,5.092374801635742,5,5,9,9,9,11,11,13,13,19,27,42,58,62,66,92,118,152,161,178,193,202,207,212,228,228,237,244,271,314,332,344
Russia,Rostov oblast,0.0,0.0,-0.0,0.0,0.0,0.0,0.0,0.0,0.0,0.0,0.0,0.0,0.0,-0.0,-0.0,-0.0,-0.0,-0.0,-0.0,-0.0,-0.0,-0.0,-0.0,-0.0,-0.0,-0.0,-0.0,-0.0,-0.0,-0.0,-0.0,-0.0,-0.0,-0.0,-0.0,-0.0,-0.0,-0.0,-0.0,-0.0,-0.0,-0.0,-0.0,-0.0,-0.0,0.0,-0.0,0.0,0.0,0.0,0.0,0.0,0.0,0.0,0.0,0.0,0.0,0.0,0.0,0.0,0.0,0.0,0.0,1.0405380725860596,1.3077621459960938,1.5521607398986816,1.932889699935913,2.490816593170166,3.4316091537475586,4.388559818267822,5.8520917892456055,7.193462371826172,8.436188697814941,9.81480598449707,9,9,17,21,24,29,38,52,78,98,104,145,168,197,232,292,346,398,469,533,584,649,714,778,943,943,1026,1106,1178,1263,1353,1434
Russia,Ryazan oblast,-0.0,0.0,0.0,0.0,0.0,0.0,0.0,0.0,0.0,0.0,0.0,0.0,0.0,0.0,0.0,0.0,0.0,0.0,0.0,0.0,0.0,0.0,0.0,0.0,0.0,0.0,0.0,0.0,0.0,0.0,-0.0,-0.0,-0.0,-0.0,-0.0,-0.0,-0.0,-0.0,-0.0,-0.0,-0.0,-0.0,-0.0,0.0,0.0,0.0,0.0,0.0,0.0,0.0,0.0,0.0,0.0,0.0,-0.0,-0.0,-0.0,0.0,-0.0,-0.0,-0.0,0.0,0.0,1.6982264518737793,2.072338104248047,2.2935047149658203,2.582797050476074,3.095825433731079,3.9955711364746094,4.671837329864502,5.781195640563965,6.802919387817383,7.8674821853637695,8.963517189025879,12,17,17,32,32,38,55,71,89,116,116,154,184,225,267,289,316,392,429,475,539,602,687,788,880,880,923,1021,1076,1137,1226,1310
Russia,Saha republic,0.0,0.0,0.0,0.0,0.0,0.0,0.0,0.0,0.0,-0.0,0.0,-0.0,-0.0,-0.0,-0.0,-0.0,-0.0,-0.0,-0.0,-0.0,-0.0,-0.0,-0.0,-0.0,-0.0,-0.0,-0.0,-0.0,-0.0,-0.0,-0.0,-0.0,-0.0,-0.0,-0.0,-0.0,-0.0,-0.0,-0.0,-0.0,-0.0,-0.0,0.0,0.0,0.0,-0.0,-0.0,-0.0,0.0,0.0,0.0,-0.0,0.0,0.0,-0.0,0.0,0.0,0.0,0.0,0.0,0.0,0.0,0.0,8.097928047180176,12.671127319335938,14.016399383544922,14.742883682250977,15.601302146911621,15.699565887451172,14.783446311950684,14.65183162689209,15.09497356414795,16.23060417175293,17.041486740112305,15,15,15,16,16,16,19,22,25,26,33,35,38,47,88,107,111,116,128,137,141,152,159,166,207,207,229,263,282,311,331,348
Russia,Saint Petersburg,0.0,0.0,0.0,-0.0,0.0,0.0,0.0,0.0,-0.0,-0.0,-0.0,-0.0,-0.0,0.0,0.0,0.0,0.0,0.0,0.0,0.0,0.0,0.0,0.0,0.0,0.0,0.0,0.0,0.0,0.0,0.0,0.0,-0.0,-0.0,-0.0,-0.0,-0.0,-0.0,-0.0,-0.0,-0.0,-0.0,0.0,0.0,1.9744510650634766,3.2033064365386963,4.221625328063965,3.2725298404693604,2.3042590618133545,0.0,0.0,1.6611082553863525,4.956681251525879,7.718400478363037,9.262453079223633,9.632486343383789,10.373044967651367,11.211320877075195,13.319257736206055,17.477680206298828,16.64920997619629,17.831274032592773,17.887781143188477,18.621129989624023,22.6673641204834,26.24424934387207,29.18216323852539,38.57381057739258,48.86028289794922,60.29573440551758,86.63093566894531,115.79255676269531,145.3085479736328,170.16757202148438,195.564208984375,191,226,295,329,373,408,488,557,678,799,929,1083,1507,1646,1760,1846,1973,2267,2458,2711,2926,3077,3238,3436,4062,4062,4411,4734,5029,5346,5572,5884
Russia,Sakhalin oblast,-0.0,0.0,0.0,0.0,0.0,0.0,0.0,-0.0,-0.0,0.0,0.0,0.0,-0.0,-0.0,-0.0,-0.0,-0.0,-0.0,-0.0,-0.0,-0.0,-0.0,-0.0,-0.0,-0.0,-0.0,-0.0,-0.0,-0.0,0.0,0.0,0.0,0.0,0.0,0.0,0.0,-0.0,-0.0,-0.0,-0.0,-0.0,-0.0,-0.0,-0.0,-0.0,-0.0,0.0,0.0,-0.0,-0.0,-0.0,-0.0,0.0,0.0,-0.0,-0.0,0.0,0.0,0.0,0.0,0.0,0.0,0.0,-0.0,0.0,0.0,2.06341552734375,2.772312641143799,3.726536750793457,4.228246688842773,5.01469087600708,5.5333251953125,5.367049694061279,6.144821643829346,6,6,6,11,11,11,11,11,11,11,12,12,19,19,19,19,19,19,19,20,20,20,21,22,23,23,24,24,26,28,29,29
Russia,Samara oblast,0.0,0.0,0.0,0.0,0.0,0.0,0.0,0.0,0.0,0.0,0.0,-0.0,-0.0,-0.0,-0.0,-0.0,-0.0,-0.0,-0.0,-0.0,-0.0,-0.0,-0.0,-0.0,-0.0,-0.0,-0.0,-0.0,-0.0,-0.0,-0.0,-0.0,-0.0,-0.0,-0.0,-0.0,-0.0,-0.0,-0.0,-0.0,-0.0,-0.0,-0.0,0.0,0.0,-0.0,-0.0,-0.0,0.0,0.0,0.0,-0.0,0.0,0.0,0.0,0.0,0.0,0.0,0.0,0.0,0.0,0.0,0.0,7.724470138549805,11.93228530883789,13.271406173706055,14.038745880126953,15.108590126037598,15.610918998718262,15.095476150512695,15.42137336730957,16.239627838134766,17.734704971313477,18.797990798950195,17,17,17,18,18,20,21,24,29,40,40,50,63,64,79,95,103,115,141,185,209,229,264,272,367,367,392,433,518,578,595,676
Russia,Saratov oblast,0.0,0.0,0.0,0.0,-0.0,-0.0,-0.0,-0.0,-0.0,-0.0,-0.0,-0.0,-0.0,-0.0,-0.0,-0.0,-0.0,-0.0,-0.0,-0.0,-0.0,-0.0,-0.0,-0.0,-0.0,-0.0,-0.0,-0.0,-0.0,-0.0,-0.0,0.0,0.0,0.0,-0.0,-0.0,-0.0,0.0,0.0,0.0,0.0,0.0,0.0,0.0,0.0,0.0,-0.0,-0.0,-0.0,-0.0,0.0,0.0,0.0,0.0,0.0,0.0,-0.0,0.0,0.0,0.0,0.0,0.0,0.0,0.9470622539520264,1.010882019996643,1.2547554969787598,1.7273433208465576,2.5863239765167236,4.438835620880127,6.476435661315918,10.25409984588623,13.693358421325684,17.0512752532959,20.212486267089844,19,19,25,26,30,34,35,42,44,49,56,70,87,98,114,142,168,190,229,245,265,305,327,359,438,438,487,535,585,659,737,835
Russia,Sevastopol,0.0,0.0,0.0,0.0,0.0,0.0,0.0,0.0,0.0,0.0,-0.0,-0.0,-0.0,-0.0,-0.0,-0.0,0.0,0.0,0.0,0.0,0.0,0.0,0.0,0.0,0.0,0.0,0.0,0.0,0.0,0.0,-0.0,-0.0,-0.0,-0.0,-0.0,-0.0,-0.0,-0.0,-0.0,-0.0,-0.0,-0.0,-0.0,-0.0,-0.0,0.0,0.0,0.0,-0.0,-0.0,0.0,-0.0,-0.0,0.0,0.0,0.0,0.0,-0.0,0.0,0.0,0.0,0.0,0.0,0.0,-0.0,-0.0,0.0,0.0,0.0,2.0350279808044434,3.4263250827789307,4.477436065673828,5.60452127456665,6.7066802978515625,5,5,5,5,5,5,6,6,6,7,8,8,12,12,13,17,18,19,25,25,26,31,34,37,78,78,85,86,89,91,98,104
Russia,Smolensk oblast,-0.0,0.0,0.0,0.0,0.0,0.0,0.0,0.0,0.0,0.0,0.0,0.0,-0.0,-0.0,0.0,0.0,0.0,0.0,0.0,0.0,-0.0,-0.0,-0.0,-0.0,-0.0,-0.0,-0.0,-0.0,0.0,0.0,0.0,0.0,0.0,0.0,0.0,0.0,-0.0,-0.0,-0.0,-0.0,-0.0,-0.0,-0.0,-0.0,-0.0,-0.0,0.0,0.0,0.0,0.0,-0.0,0.0,0.0,0.0,-0.0,-0.0,0.0,0.0,0.0,0.0,0.0,0.0,0.0,0.0,0.0,0.0,0.6313414573669434,0.7773211598396301,0.9711126089096069,1.0621126890182495,1.2104898691177368,1.348773717880249,1.363996982574463,1.6350802183151245,2,3,3,7,11,13,17,17,21,55,106,132,139,152,173,189,208,244,251,262,279,289,324,369,429,429,455,499,508,520,534,535
Russia,Stavropolskiy kray,0.0,0.0,-0.0,0.0,-0.0,-0.0,-0.0,0.0,0.0,0.0,0.0,0.0,-0.0,-0.0,-0.0,-0.0,-0.0,-0.0,-0.0,-0.0,-0.0,-0.0,-0.0,-0.0,-0.0,-0.0,-0.0,-0.0,-0.0,-0.0,-0.0,-0.0,-0.0,-0.0,-0.0,-0.0,-0.0,0.0,0.0,0.0,0.0,0.0,-0.0,-0.0,-0.0,-0.0,0.0,0.0,0.0,0.0,0.0,0.0,0.0,0.0,-0.0,0.0,0.0,0.0,0.0,0.0,0.0,0.0,0.0,2.489438056945801,3.8133440017700195,4.422204971313477,5.105914115905762,5.789684295654297,6.543792247772217,6.873497009277344,7.854384422302246,9.056835174560547,10.116742134094238,11.378013610839844,11,20,39,39,42,52,66,74,86,95,115,143,155,209,232,244,266,277,332,358,385,421,454,491,562,562,651,676,731,788,824,864
Russia,Sverdlov oblast,0.0,0.0,0.0,0.0,0.0,0.0,0.0,0.0,0.0,0.0,0.0,0.0,0.0,0.0,0.0,0.0,0.0,0.0,0.0,-0.0,-0.0,-0.0,-0.0,-0.0,-0.0,-0.0,-0.0,-0.0,-0.0,-0.0,0.0,0.0,0.0,-0.0,-0.0,-0.0,-0.0,-0.0,-0.0,-0.0,-0.0,-0.0,-0.0,0.0,0.0,-0.0,-0.0,-0.0,0.0,0.0,0.0,-0.0,0.0,0.0,0.0,0.0,0.0,0.0,-0.0,0.0,0.0,0.0,0.0,10.469067573547363,17.382070541381836,20.453384399414062,23.11673927307129,26.375587463378906,29.26355743408203,29.97496795654297,32.672298431396484,35.76104736328125,40.22528839111328,42.93224334716797,40,44,51,56,59,61,74,78,85,93,105,111,115,126,141,149,233,243,271,304,337,395,454,539,703,703,935,1016,1091,1144,1277,1353
Russia,Tambov oblast,0.0,0.0,-0.0,0.0,-0.0,-0.0,-0.0,-0.0,-0.0,-0.0,-0.0,-0.0,-0.0,-0.0,-0.0,-0.0,-0.0,-0.0,-0.0,-0.0,-0.0,-0.0,-0.0,-0.0,-0.0,-0.0,-0.0,-0.0,-0.0,-0.0,-0.0,-0.0,-0.0,-0.0,-0.0,-0.0,-0.0,-0.0,0.0,0.0,0.0,0.0,0.0,0.0,0.0,-0.0,-0.0,-0.0,0.0,0.0,0.0,0.0,0.0,0.0,0.0,0.0,0.0,0.0,0.0,0.0,0.0,0.0,0.0,2.4448537826538086,2.9341752529144287,2.971034526824951,2.967423677444458,3.3206865787506104,3.8363914489746094,4.213779926300049,4.922934055328369,5.609498977661133,6.438145637512207,7.180423736572266,7,15,15,21,21,33,33,48,48,83,83,133,133,165,187,209,222,240,263,298,343,399,460,493,612,612,675,729,789,842,909,971
Russia,Tomsk oblast,0.0,0.0,0.0,0.0,0.0,0.0,0.0,0.0,0.0,-0.0,-0.0,-0.0,-0.0,-0.0,-0.0,-0.0,-0.0,-0.0,-0.0,-0.0,-0.0,-0.0,-0.0,-0.0,-0.0,-0.0,-0.0,-0.0,-0.0,-0.0,-0.0,-0.0,0.0,-0.0,-0.0,-0.0,-0.0,-0.0,0.0,0.0,-0.0,-0.0,-0.0,0.0,-0.0,-0.0,0.0,0.0,0.0,0.0,0.0,-0.0,0.0,0.0,0.0,0.0,0.0,0.0,0.0,0.0,0.0,0.0,0.0,1.293229103088379,1.8322653770446777,2.0844924449920654,2.466118812561035,2.6845057010650635,2.883937358856201,2.8962278366088867,3.0397555828094482,3.2216532230377197,3.356962203979492,3.732509136199951,3,3,3,4,4,4,4,4,8,15,15,21,21,24,29,33,37,43,52,59,66,67,76,81,89,89,97,102,119,128,147,160
Russia,Tula oblast,-0.0,0.0,0.0,0.0,0.0,0.0,0.0,0.0,-0.0,0.0,-0.0,-0.0,-0.0,-0.0,-0.0,-0.0,-0.0,-0.0,-0.0,-0.0,-0.0,-0.0,-0.0,-0.0,-0.0,-0.0,-0.0,-0.0,-0.0,-0.0,0.0,0.0,0.0,0.0,-0.0,-0.0,-0.0,-0.0,-0.0,-0.0,-0.0,-0.0,0.0,0.0,0.0,-0.0,-0.0,-0.0,0.0,0.0,0.0,-0.0,0.0,0.0,0.0,0.0,0.0,0.0,0.0,0.0,0.0,0.0,0.0,5.145203590393066,7.565779685974121,8.728225708007812,10.004439353942871,11.437949180603027,13.0329008102417,13.62368106842041,15.15064525604248,16.619346618652344,18.388996124267578,19.899805068969727,29,39,49,54,66,71,71,74,85,85,130,174,199,229,287,309,384,436,461,505,578,644,713,783,965,965,1047,1135,1218,1293,1368,1445
Russia,Tumen oblast,0.0,0.0,0.0,0.0,0.0,0.0,0.0,0.0,0.0,-0.0,-0.0,-0.0,-0.0,-0.0,-0.0,-0.0,-0.0,-0.0,-0.0,-0.0,-0.0,-0.0,-0.0,-0.0,-0.0,-0.0,-0.0,-0.0,-0.0,-0.0,-0.0,-0.0,-0.0,-0.0,-0.0,-0.0,-0.0,-0.0,-0.0,-0.0,-0.0,-0.0,-0.0,0.0,0.0,-0.0,-0.0,-0.0,-0.0,0.0,0.0,-0.0,0.0,0.0,0.0,-0.0,0.0,0.0,0.0,0.0,0.0,0.0,0.0,2.6881320476531982,3.1477887630462646,3.2698912620544434,3.3656373023986816,3.9333314895629883,4.824375629425049,5.615975379943848,6.849163055419922,8.00997543334961,9.4832763671875,10.678670883178711,11,11,18,18,19,22,30,39,53,67,85,112,146,185,227,254,290,319,341,357,374,386,399,404,435,435,442,458,495,561,589,658
Russia,Tver oblast,0.0,0.0,0.0,0.0,0.0,0.0,0.0,0.0,0.0,-0.0,-0.0,-0.0,-0.0,-0.0,-0.0,-0.0,-0.0,-0.0,-0.0,-0.0,-0.0,-0.0,-0.0,-0.0,-0.0,-0.0,-0.0,-0.0,-0.0,-0.0,-0.0,-0.0,-0.0,-0.0,-0.0,-0.0,-0.0,-0.0,-0.0,-0.0,0.0,-0.0,0.0,0.0,-0.0,-0.0,-0.0,-0.0,0.0,0.0,0.0,-0.0,0.0,0.0,-0.0,0.0,0.0,0.0,0.0,0.0,0.0,0.0,0.0,2.5046374797821045,3.019521951675415,3.107942819595337,3.17166805267334,3.5093562602996826,4.0130934715271,4.295874118804932,4.8395538330078125,5.353909492492676,6.01177453994751,6.642279624938965,6,8,8,12,19,24,31,31,75,75,117,151,188,237,270,296,329,356,383,412,441,464,498,507,535,535,564,610,661,680,709,753
Russia,Ulianovsk oblast,0.0,0.0,0.0,0.0,0.0,0.0,0.0,0.0,0.0,-0.0,-0.0,-0.0,-0.0,-0.0,-0.0,-0.0,0.0,-0.0,-0.0,-0.0,-0.0,-0.0,-0.0,-0.0,-0.0,-0.0,-0.0,-0.0,-0.0,-0.0,-0.0,-0.0,-0.0,-0.0,-0.0,-0.0,-0.0,-0.0,0.0,-0.0,0.0,-0.0,-0.0,0.0,-0.0,-0.0,0.0,0.0,0.0,0.0,0.0,-0.0,0.0,0.0,-0.0,0.0,0.0,0.0,0.0,0.0,0.0,0.0,0.0,0.937711238861084,1.0883628129959106,1.0590457916259766,1.0595569610595703,1.0707789659500122,1.0800268650054932,1.0426645278930664,1.0387846231460571,1.077488899230957,1.134462594985962,1.3027737140655518,1,2,4,4,6,40,62,70,86,86,104,123,138,157,168,187,187,196,228,253,280,307,331,360,406,406,429,461,499,528,544,573
Russia,Vladimir oblast,-0.0,0.0,0.0,0.0,0.0,0.0,0.0,0.0,0.0,0.0,-0.0,-0.0,-0.0,-0.0,-0.0,-0.0,0.0,0.0,0.0,0.0,0.0,0.0,0.0,0.0,0.0,0.0,0.0,0.0,0.0,0.0,-0.0,-0.0,-0.0,-0.0,-0.0,-0.0,-0.0,-0.0,0.0,0.0,0.0,0.0,0.0,0.0,-0.0,-0.0,0.0,0.0,0.0,0.0,0.0,-0.0,-0.0,-0.0,-0.0,0.0,0.0,0.0,0.0,0.0,0.0,0.0,0.0,0.0,-0.0,0.0,0.0,0.0,1.045464277267456,1.587043046951294,2.411559581756592,2.996030807495117,3.4638094902038574,4.102396011352539,3,5,12,14,38,42,48,71,84,100,145,159,183,198,225,259,280,293,339,381,426,475,518,597,669,669,715,775,830,896,944,1001
Russia,Volgograd oblast,0.0,0.0,-0.0,0.0,-0.0,-0.0,-0.0,-0.0,-0.0,-0.0,-0.0,-0.0,-0.0,-0.0,-0.0,-0.0,-0.0,-0.0,-0.0,-0.0,-0.0,-0.0,-0.0,-0.0,-0.0,-0.0,-0.0,-0.0,-0.0,-0.0,-0.0,-0.0,-0.0,-0.0,-0.0,0.0,0.0,0.0,0.0,0.0,-0.0,-0.0,-0.0,0.0,-0.0,-0.0,0.0,-0.0,-0.0,0.0,0.0,0.0,0.0,0.0,0.0,0.0,0.0,0.0,0.0,0.0,0.0,0.0,0.0,1.267730712890625,1.9802513122558594,2.5811684131622314,3.469243288040161,4.172057151794434,5.05382776260376,5.566413402557373,6.580336093902588,7.502583980560303,8.123616218566895,9.188217163085938,8,15,26,26,26,28,33,38,44,46,47,58,62,79,93,111,134,145,165,186,212,242,272,297,344,344,386,432,474,516,578,647
Russia,Vologda oblast,0.0,0.0,0.0,0.0,-0.0,-0.0,-0.0,-0.0,-0.0,-0.0,-0.0,-0.0,-0.0,-0.0,-0.0,-0.0,-0.0,-0.0,-0.0,-0.0,-0.0,-0.0,-0.0,-0.0,-0.0,-0.0,-0.0,-0.0,0.0,0.0,-0.0,-0.0,-0.0,-0.0,-0.0,-0.0,-0.0,0.0,0.0,0.0,0.0,0.0,0.0,0.0,0.0,0.0,-0.0,-0.0,-0.0,-0.0,0.0,0.0,-0.0,0.0,0.0,0.0,-0.0,0.0,0.0,0.0,0.0,0.0,0.0,0.0,-0.0,-0.0,0.0,0.0,1.6931931972503662,3.1659293174743652,6.109213829040527,8.957006454467773,11.810388565063477,14.610461235046387,13,23,23,27,35,38,39,42,43,50,52,67,77,86,93,100,107,114,120,129,138,145,155,160,173,173,184,199,219,223,230,236
Russia,Voronezh oblast,0.0,0.0,0.0,0.0,0.0,0.0,0.0,0.0,0.0,-0.0,-0.0,-0.0,-0.0,-0.0,-0.0,-0.0,-0.0,-0.0,-0.0,-0.0,-0.0,-0.0,-0.0,-0.0,-0.0,-0.0,-0.0,-0.0,-0.0,-0.0,-0.0,-0.0,-0.0,-0.0,-0.0,-0.0,-0.0,-0.0,-0.0,-0.0,-0.0,-0.0,0.0,0.0,0.0,0.0,-0.0,-0.0,0.0,0.0,0.0,-0.0,0.0,0.0,0.0,0.0,0.0,0.0,0.0,0.0,0.0,0.0,0.0,4.5154523849487305,5.770310878753662,6.004127502441406,6.058023929595947,6.843631267547607,7.9267497062683105,8.718021392822266,10.100533485412598,11.39156436920166,13.180964469909668,14.438458442687988,14,23,23,33,33,37,37,49,60,68,75,89,108,130,156,180,211,236,261,291,313,338,358,420,493,493,529,565,602,636,667,697
Russia,Yamalo-Nenetskiy AO,0.0,-0.0,-0.0,-0.0,-0.0,-0.0,-0.0,-0.0,-0.0,-0.0,-0.0,-0.0,-0.0,-0.0,-0.0,-0.0,-0.0,-0.0,-0.0,-0.0,-0.0,-0.0,-0.0,-0.0,-0.0,-0.0,-0.0,-0.0,-0.0,-0.0,-0.0,-0.0,-0.0,0.0,0.0,0.0,0.0,0.0,-0.0,-0.0,-0.0,-0.0,-0.0,-0.0,-0.0,-0.0,-0.0,-0.0,-0.0,-0.0,0.0,0.0,-0.0,-0.0,-0.0,-0.0,-0.0,0.0,0.0,0.0,-0.0,0.0,0.0,0.0,0.0,-0.0,-0.0,0.0,0.0,0.0,0.0,3.024829864501953,4.5224199295043945,5.975363731384277,12,12,30,41,41,41,50,62,66,66,73,95,101,106,116,140,146,149,243,266,303,348,375,387,463,463,514,557,608,712,820,925
Russia,Yaroslavl oblast,-0.0,0.0,-0.0,0.0,0.0,0.0,0.0,0.0,0.0,0.0,0.0,0.0,0.0,0.0,0.0,0.0,0.0,0.0,0.0,0.0,0.0,0.0,-0.0,-0.0,-0.0,-0.0,-0.0,-0.0,-0.0,-0.0,-0.0,-0.0,-0.0,-0.0,-0.0,0.0,-0.0,-0.0,-0.0,-0.0,-0.0,-0.0,-0.0,0.0,0.0,0.0,0.0,0.0,0.0,0.0,0.0,0.0,0.0,0.0,-0.0,0.0,0.0,0.0,-0.0,-0.0,0.0,0.0,0.0,1.0466041564941406,1.5159153938293457,1.821099042892456,2.2660508155822754,2.5661978721618652,2.9134178161621094,3.0555667877197266,3.36503529548645,3.6983656883239746,3.9353654384613037,4.452406406402588,6,6,11,11,13,13,13,27,27,27,39,62,81,105,117,144,187,198,263,305,342,384,409,456,506,506,570,634,710,789,829,880
Russia,Zabaykalskiy kray,0.0,0.0,0.0,0.0,0.0,0.0,0.0,0.0,0.0,-0.0,-0.0,-0.0,-0.0,-0.0,-0.0,-0.0,0.0,-0.0,-0.0,-0.0,-0.0,-0.0,-0.0,-0.0,-0.0,-0.0,-0.0,-0.0,-0.0,-0.0,-0.0,-0.0,-0.0,-0.0,-0.0,-0.0,-0.0,-0.0,0.0,-0.0,0.0,-0.0,-0.0,0.0,-0.0,-0.0,0.0,0.0,0.0,0.0,0.0,-0.0,0.0,0.0,-0.0,0.0,0.0,0.0,0.0,0.0,0.0,0.0,0.0,0.9377104043960571,1.0883628129959106,1.0590457916259766,1.0595569610595703,1.0707789659500122,1.0800275802612305,1.0426645278930664,1.0387846231460571,1.077488899230957,1.134462594985962,1.3027737140655518,1,1,1,4,4,4,4,8,14,14,14,28,30,33,34,43,50,61,64,73,83,90,96,103,114,114,134,155,167,198,215,238
